{
  "formula_name": "SRK/T-FacoDMEK-Optimized",
  "optimization_date": "2025-06-30",
  "training_cases": 67,
  "test_cases": 30,
  "optimal_nc": 1.33,
  "baseline_mae": 1.3699087599865085,
  "optimized_nc_mae": 1.0159264819213278,
  "optimal_params_all": [
    1.33,
    -5.437397549848197,
    0.5774685371952714,
    0.09749220956329097,
    0.6224639071288451,
    68.0740524356984,
    3.3351778733759283,
    0.6569225295404668,
    0.020303970621224746
  ],
  "param_names": [
    "nc",
    "cw_const1",
    "cw_const2",
    "cw_const3",
    "acd_const1",
    "acd_const2",
    "offset_const",
    "rethick_const1",
    "rethick_const2"
  ],
  "full_optimized_mae": 0.9709175349179592
}