{
  "formula_name": "SRK/T-FacoDMEK-Optimized",
  "optimization_date": "2025-06-30",
  "training_cases": 67,
  "test_cases": 30,
  "optimal_nc": 1.33,
  "baseline_mae": 1.4640689133803486,
  "optimized_nc_mae": 1.1986681617281667,
  "optimal_params_all": [
    1.33,
    -5.407224953080331,
    0.590825850355305,
    0.09813424389746009,
    0.6223948514304626,
    68.4176546831096,
    3.3306853008033386,
    0.6567350388413183,
    0.020339312846367787
  ],
  "param_names": [
    "nc",
    "cw_const1",
    "cw_const2",
    "cw_const3",
    "acd_const1",
    "acd_const2",
    "offset_const",
    "rethick_const1",
    "rethick_const2"
  ],
  "full_optimized_mae": 1.1320671853048827
}